{
  "metadata": {
    "version": "1.0.0",
    "lastUpdated": "2025-12-01",
    "totalCities": 182,
    "description": "Comprehensive city metadata registry for ShieldWise Security California service areas"
  },
  "cities": [
    {
      "name": "Alameda",
      "slug": "alameda",
      "county": "Alameda",
      "latitude": 37.7652,
      "longitude": -122.2416,
      "postalCode": "94501",
      "specialty": "Maritime & Island Security",
      "population": 79177,
      "keyIndustries": ["Maritime", "Healthcare", "Retail", "Technology"]
    },
    {
      "name": "Alhambra",
      "slug": "alhambra",
      "county": "Los Angeles",
      "latitude": 34.0948,
      "longitude": -118.1270,
      "postalCode": "91801",
      "specialty": "Commercial & Retail Security",
      "population": 82868,
      "keyIndustries": ["Healthcare", "Retail", "Food Services", "Manufacturing"]
    },
    {
      "name": "Aliso Viejo",
      "slug": "aliso-viejo",
      "county": "Orange",
      "latitude": 33.5676,
      "longitude": -117.7256,
      "postalCode": "92656",
      "specialty": "Corporate Campus Security",
      "population": 51372,
      "keyIndustries": ["Technology", "Professional Services", "Healthcare", "Finance"]
    },
    {
      "name": "Anaheim",
      "slug": "anaheim",
      "county": "Orange",
      "latitude": 33.8366,
      "longitude": -117.9143,
      "postalCode": "92801",
      "specialty": "Theme Park & Entertainment Security",
      "population": 350365,
      "keyIndustries": ["Tourism", "Entertainment", "Hospitality", "Manufacturing"]
    },
    {
      "name": "Apple Valley",
      "slug": "apple-valley",
      "county": "San Bernardino",
      "latitude": 34.5008,
      "longitude": -117.1859,
      "postalCode": "92307",
      "specialty": "High Desert Community Security",
      "population": 75791,
      "keyIndustries": ["Retail", "Healthcare", "Government", "Construction"]
    },
    {
      "name": "Arcadia",
      "slug": "arcadia",
      "county": "Los Angeles",
      "latitude": 34.1397,
      "longitude": -118.0353,
      "postalCode": "91006",
      "specialty": "Luxury Residential & Racing Venue Security",
      "population": 57939,
      "keyIndustries": ["Retail", "Healthcare", "Entertainment", "Finance"]
    },
    {
      "name": "Azusa",
      "slug": "azusa",
      "county": "Los Angeles",
      "latitude": 34.1336,
      "longitude": -117.9076,
      "postalCode": "91702",
      "specialty": "Industrial & Educational Security",
      "population": 50000,
      "keyIndustries": ["Manufacturing", "Education", "Mining", "Utilities"]
    },
    {
      "name": "Bakersfield",
      "slug": "bakersfield",
      "county": "Kern",
      "latitude": 35.3733,
      "longitude": -119.0187,
      "postalCode": "93301",
      "specialty": "Oil & Agriculture Security",
      "population": 403455,
      "keyIndustries": ["Oil & Gas", "Agriculture", "Healthcare", "Logistics"]
    },
    {
      "name": "Baldwin Park",
      "slug": "baldwin-park",
      "county": "Los Angeles",
      "latitude": 34.0853,
      "longitude": -117.9611,
      "postalCode": "91706",
      "specialty": "Industrial & Distribution Security",
      "population": 77830,
      "keyIndustries": ["Manufacturing", "Distribution", "Retail", "Food Processing"]
    },
    {
      "name": "Barstow",
      "slug": "barstow",
      "county": "San Bernardino",
      "latitude": 34.8958,
      "longitude": -117.0228,
      "postalCode": "92311",
      "specialty": "Transportation Hub & Outlet Security",
      "population": 25571,
      "keyIndustries": ["Transportation", "Retail", "Tourism", "Military"]
    },
    {
      "name": "Bellflower",
      "slug": "bellflower",
      "county": "Los Angeles",
      "latitude": 33.8878,
      "longitude": -118.1171,
      "postalCode": "90706",
      "specialty": "Residential & Small Business Security",
      "population": 79190,
      "keyIndustries": ["Healthcare", "Retail", "Manufacturing", "Education"]
    },
    {
      "name": "Berkeley",
      "slug": "berkeley",
      "county": "Alameda",
      "latitude": 37.8716,
      "longitude": -122.2727,
      "postalCode": "94704",
      "specialty": "University & Research Security",
      "population": 124321,
      "keyIndustries": ["Education", "Research", "Technology", "Healthcare"]
    },
    {
      "name": "Beverly Hills",
      "slug": "beverly-hills",
      "county": "Los Angeles",
      "latitude": 34.0736,
      "longitude": -118.4004,
      "postalCode": "90210",
      "specialty": "Luxury Retail & Celebrity Protection",
      "population": 32701,
      "keyIndustries": ["Luxury Retail", "Entertainment", "Real Estate", "Professional Services"]
    },
    {
      "name": "Big Bear Lake",
      "slug": "big-bear-lake",
      "county": "San Bernardino",
      "latitude": 34.2439,
      "longitude": -116.9114,
      "postalCode": "92315",
      "specialty": "Resort & Vacation Property Security",
      "population": 5281,
      "keyIndustries": ["Tourism", "Recreation", "Hospitality", "Real Estate"]
    },
    {
      "name": "Brea",
      "slug": "brea",
      "county": "Orange",
      "latitude": 33.9167,
      "longitude": -117.9001,
      "postalCode": "92821",
      "specialty": "Corporate & Retail Center Security",
      "population": 47325,
      "keyIndustries": ["Oil & Gas", "Retail", "Manufacturing", "Healthcare"]
    },
    {
      "name": "Buena Park",
      "slug": "buena-park",
      "county": "Orange",
      "latitude": 33.8675,
      "longitude": -117.9981,
      "postalCode": "90620",
      "specialty": "Entertainment & Hospitality Security",
      "population": 83052,
      "keyIndustries": ["Entertainment", "Tourism", "Retail", "Manufacturing"]
    },
    {
      "name": "Burbank",
      "slug": "burbank",
      "county": "Los Angeles",
      "latitude": 34.1808,
      "longitude": -118.3090,
      "postalCode": "91502",
      "specialty": "Media & Entertainment Studio Security",
      "population": 107337,
      "keyIndustries": ["Entertainment", "Media", "Aviation", "Technology"]
    },
    {
      "name": "Calabasas",
      "slug": "calabasas",
      "county": "Los Angeles",
      "latitude": 34.1578,
      "longitude": -118.6387,
      "postalCode": "91302",
      "specialty": "Luxury Estate & Celebrity Security",
      "population": 23570,
      "keyIndustries": ["Entertainment", "Real Estate", "Professional Services", "Retail"]
    },
    {
      "name": "Camarillo",
      "slug": "camarillo",
      "county": "Ventura",
      "latitude": 34.2164,
      "longitude": -119.0376,
      "postalCode": "93010",
      "specialty": "Aerospace & Outlet Mall Security",
      "population": 70741,
      "keyIndustries": ["Aerospace", "Agriculture", "Retail", "Healthcare"]
    },
    {
      "name": "Campbell",
      "slug": "campbell",
      "county": "Santa Clara",
      "latitude": 37.2872,
      "longitude": -121.9500,
      "postalCode": "95008",
      "specialty": "Silicon Valley Tech Security",
      "population": 43959,
      "keyIndustries": ["Technology", "Retail", "Healthcare", "Professional Services"]
    },
    {
      "name": "Carlsbad",
      "slug": "carlsbad",
      "county": "San Diego",
      "latitude": 33.1581,
      "longitude": -117.3506,
      "postalCode": "92008",
      "specialty": "Resort & Golf Course Security",
      "population": 114746,
      "keyIndustries": ["Tourism", "Biotechnology", "Manufacturing", "Golf & Recreation"]
    },
    {
      "name": "Carmichael",
      "slug": "carmichael",
      "county": "Sacramento",
      "latitude": 38.6172,
      "longitude": -121.3283,
      "postalCode": "95608",
      "specialty": "Suburban Community Security",
      "population": 79112,
      "keyIndustries": ["Healthcare", "Retail", "Education", "Government"]
    },
    {
      "name": "Carson",
      "slug": "carson",
      "county": "Los Angeles",
      "latitude": 33.8314,
      "longitude": -118.2620,
      "postalCode": "90745",
      "specialty": "Industrial & Logistics Security",
      "population": 95617,
      "keyIndustries": ["Logistics", "Manufacturing", "Oil Refining", "Retail"]
    },
    {
      "name": "Castro Valley",
      "slug": "castro-valley",
      "county": "Alameda",
      "latitude": 37.6941,
      "longitude": -122.0864,
      "postalCode": "94546",
      "specialty": "Suburban Residential Security",
      "population": 64392,
      "keyIndustries": ["Retail", "Healthcare", "Education", "Professional Services"]
    },
    {
      "name": "Cathedral City",
      "slug": "cathedral-city",
      "county": "Riverside",
      "latitude": 33.7797,
      "longitude": -116.4653,
      "postalCode": "92234",
      "specialty": "Desert Resort & Casino Security",
      "population": 55007,
      "keyIndustries": ["Tourism", "Hospitality", "Retail", "Entertainment"]
    },
    {
      "name": "Cerritos",
      "slug": "cerritos",
      "county": "Los Angeles",
      "latitude": 33.8583,
      "longitude": -118.0648,
      "postalCode": "90703",
      "specialty": "Auto Mall & Performing Arts Security",
      "population": 49859,
      "keyIndustries": ["Automotive Retail", "Entertainment", "Healthcare", "Corporate"]
    },
    {
      "name": "Chino",
      "slug": "chino",
      "county": "San Bernardino",
      "latitude": 34.0122,
      "longitude": -117.6889,
      "postalCode": "91708",
      "specialty": "Agricultural & Industrial Security",
      "population": 91403,
      "keyIndustries": ["Agriculture", "Manufacturing", "Logistics", "Retail"]
    },
    {
      "name": "Chino Hills",
      "slug": "chino-hills",
      "county": "San Bernardino",
      "latitude": 33.9898,
      "longitude": -117.7326,
      "postalCode": "91709",
      "specialty": "Master-Planned Community Security",
      "population": 83853,
      "keyIndustries": ["Retail", "Healthcare", "Education", "Professional Services"]
    },
    {
      "name": "Chula Vista",
      "slug": "chula-vista",
      "county": "San Diego",
      "latitude": 32.6401,
      "longitude": -117.0842,
      "postalCode": "91910",
      "specialty": "Olympic Training & Border Security",
      "population": 275487,
      "keyIndustries": ["Healthcare", "Retail", "Technology", "International Trade"]
    },
    {
      "name": "Citrus Heights",
      "slug": "citrus-heights",
      "county": "Sacramento",
      "latitude": 38.7071,
      "longitude": -121.2811,
      "postalCode": "95610",
      "specialty": "Retail Center & Community Security",
      "population": 87583,
      "keyIndustries": ["Retail", "Healthcare", "Government", "Education"]
    },
    {
      "name": "Clovis",
      "slug": "clovis",
      "county": "Fresno",
      "latitude": 36.8252,
      "longitude": -119.7029,
      "postalCode": "93611",
      "specialty": "Agricultural & Medical Security",
      "population": 120124,
      "keyIndustries": ["Agriculture", "Healthcare", "Education", "Retail"]
    },
    {
      "name": "Coachella",
      "slug": "coachella",
      "county": "Riverside",
      "latitude": 33.6803,
      "longitude": -116.1739,
      "postalCode": "92236",
      "specialty": "Festival & Agricultural Security",
      "population": 46324,
      "keyIndustries": ["Agriculture", "Entertainment", "Tourism", "Retail"]
    },
    {
      "name": "Colton",
      "slug": "colton",
      "county": "San Bernardino",
      "latitude": 34.0739,
      "longitude": -117.3137,
      "postalCode": "92324",
      "specialty": "Railyard & Industrial Security",
      "population": 54828,
      "keyIndustries": ["Transportation", "Manufacturing", "Healthcare", "Retail"]
    },
    {
      "name": "Compton",
      "slug": "compton",
      "county": "Los Angeles",
      "latitude": 33.8958,
      "longitude": -118.2201,
      "postalCode": "90220",
      "specialty": "Industrial & Community Security",
      "population": 97877,
      "keyIndustries": ["Manufacturing", "Logistics", "Healthcare", "Retail"]
    },
    {
      "name": "Corona",
      "slug": "corona",
      "county": "Riverside",
      "latitude": 33.8753,
      "longitude": -117.5664,
      "postalCode": "92879",
      "specialty": "Distribution & Warehouse Security",
      "population": 157490,
      "keyIndustries": ["Logistics", "Manufacturing", "Healthcare", "Retail"]
    },
    {
      "name": "Coronado",
      "slug": "coronado",
      "county": "San Diego",
      "latitude": 32.6859,
      "longitude": -117.1831,
      "postalCode": "92118",
      "specialty": "Naval Base & Resort Security",
      "population": 24697,
      "keyIndustries": ["Military", "Tourism", "Hospitality", "Real Estate"]
    },
    {
      "name": "Costa Mesa",
      "slug": "costa-mesa",
      "county": "Orange",
      "latitude": 33.6411,
      "longitude": -117.9187,
      "postalCode": "92626",
      "specialty": "Performing Arts & Retail Security",
      "population": 112174,
      "keyIndustries": ["Retail", "Arts & Entertainment", "Healthcare", "Professional Services"]
    },
    {
      "name": "Culver City",
      "slug": "culver-city",
      "county": "Los Angeles",
      "latitude": 34.0211,
      "longitude": -118.3965,
      "postalCode": "90230",
      "specialty": "Film Studio & Tech Campus Security",
      "population": 39185,
      "keyIndustries": ["Entertainment", "Technology", "Media", "Aerospace"]
    },
    {
      "name": "Cupertino",
      "slug": "cupertino",
      "county": "Santa Clara",
      "latitude": 37.3230,
      "longitude": -122.0322,
      "postalCode": "95014",
      "specialty": "Tech Headquarters Security",
      "population": 60170,
      "keyIndustries": ["Technology", "Electronics", "Software", "Research"]
    },
    {
      "name": "Cypress",
      "slug": "cypress",
      "county": "Orange",
      "latitude": 33.8169,
      "longitude": -118.0386,
      "postalCode": "90630",
      "specialty": "Community & Commercial Security",
      "population": 49833,
      "keyIndustries": ["Retail", "Healthcare", "Manufacturing", "Education"]
    },
    {
      "name": "Dana Point",
      "slug": "dana-point",
      "county": "Orange",
      "latitude": 33.4672,
      "longitude": -117.6981,
      "postalCode": "92629",
      "specialty": "Marina & Resort Security",
      "population": 33351,
      "keyIndustries": ["Tourism", "Marine", "Hospitality", "Real Estate"]
    },
    {
      "name": "Davis",
      "slug": "davis",
      "county": "Yolo",
      "latitude": 38.5449,
      "longitude": -121.7405,
      "postalCode": "95616",
      "specialty": "UC Davis Campus & Research Security",
      "population": 68640,
      "keyIndustries": ["Education", "Research", "Agriculture", "Technology"]
    },
    {
      "name": "Del Mar",
      "slug": "del-mar",
      "county": "San Diego",
      "latitude": 32.9595,
      "longitude": -117.2653,
      "postalCode": "92014",
      "specialty": "Racetrack & Luxury Coastal Security",
      "population": 4301,
      "keyIndustries": ["Horse Racing", "Tourism", "Hospitality", "Real Estate"]
    },
    {
      "name": "Delano",
      "slug": "delano",
      "county": "Kern",
      "latitude": 35.7688,
      "longitude": -119.2470,
      "postalCode": "93215",
      "specialty": "Agricultural & Prison Security",
      "population": 53041,
      "keyIndustries": ["Agriculture", "Corrections", "Food Processing", "Retail"]
    },
    {
      "name": "Downey",
      "slug": "downey",
      "county": "Los Angeles",
      "latitude": 33.9401,
      "longitude": -118.1331,
      "postalCode": "90241",
      "specialty": "Aerospace & Healthcare Security",
      "population": 111126,
      "keyIndustries": ["Aerospace", "Healthcare", "Manufacturing", "Retail"]
    },
    {
      "name": "Downtown Los Angeles",
      "slug": "downtown-los-Angeles",
      "county": "Los Angeles",
      "latitude": 34.0407,
      "longitude": -118.2468,
      "postalCode": "90012",
      "specialty": "High-Rise & Financial District Security",
      "population": 85000,
      "keyIndustries": ["Finance", "Legal", "Entertainment", "Government"]
    },
    {
      "name": "Downtown Sacramento",
      "slug": "downtown-sacramento",
      "county": "Sacramento",
      "latitude": 38.5816,
      "longitude": -121.4944,
      "postalCode": "95814",
      "specialty": "Capitol & Government Security",
      "population": 50000,
      "keyIndustries": ["Government", "Finance", "Legal", "Healthcare"]
    },
    {
      "name": "Dublin",
      "slug": "dublin",
      "county": "Alameda",
      "latitude": 37.7022,
      "longitude": -121.9358,
      "postalCode": "94568",
      "specialty": "Corporate Campus & Retail Security",
      "population": 72589,
      "keyIndustries": ["Technology", "Retail", "Healthcare", "Finance"]
    },
    {
      "name": "East Sacramento",
      "slug": "east-sacramento",
      "county": "Sacramento",
      "latitude": 38.5674,
      "longitude": -121.4569,
      "postalCode": "95816",
      "specialty": "Historic District & Residential Security",
      "population": 45000,
      "keyIndustries": ["Healthcare", "Education", "Retail", "Professional Services"]
    },
    {
      "name": "El Cajon",
      "slug": "el-cajon",
      "county": "San Diego",
      "latitude": 32.7948,
      "longitude": -116.9625,
      "postalCode": "92020",
      "specialty": "Retail & Automotive Security",
      "population": 106215,
      "keyIndustries": ["Automotive", "Retail", "Healthcare", "Manufacturing"]
    },
    {
      "name": "El Monte",
      "slug": "el-monte",
      "county": "Los Angeles",
      "latitude": 34.0686,
      "longitude": -118.0276,
      "postalCode": "91731",
      "specialty": "Industrial & Warehouse Security",
      "population": 113475,
      "keyIndustries": ["Manufacturing", "Logistics", "Retail", "Food Processing"]
    },
    {
      "name": "Elk Grove",
      "slug": "elk-grove",
      "county": "Sacramento",
      "latitude": 38.4088,
      "longitude": -121.3716,
      "postalCode": "95624",
      "specialty": "Suburban Development Security",
      "population": 176124,
      "keyIndustries": ["Retail", "Healthcare", "Government", "Technology"]
    },
    {
      "name": "Emeryville",
      "slug": "emeryville",
      "county": "Alameda",
      "latitude": 37.8313,
      "longitude": -122.2852,
      "postalCode": "94608",
      "specialty": "Biotech & Animation Studio Security",
      "population": 12086,
      "keyIndustries": ["Biotechnology", "Entertainment", "Technology", "Retail"]
    },
    {
      "name": "Encinitas",
      "slug": "encinitas",
      "county": "San Diego",
      "latitude": 33.0369,
      "longitude": -117.2920,
      "postalCode": "92024",
      "specialty": "Coastal & Botanical Garden Security",
      "population": 62691,
      "keyIndustries": ["Tourism", "Horticulture", "Healthcare", "Professional Services"]
    },
    {
      "name": "Escondido",
      "slug": "escondido",
      "county": "San Diego",
      "latitude": 33.1192,
      "longitude": -117.0864,
      "postalCode": "92025",
      "specialty": "Zoo & Winery Security",
      "population": 151115,
      "keyIndustries": ["Agriculture", "Healthcare", "Retail", "Tourism"]
    },
    {
      "name": "Fair Oaks",
      "slug": "fair-oaks",
      "county": "Sacramento",
      "latitude": 38.6447,
      "longitude": -121.2722,
      "postalCode": "95628",
      "specialty": "Historic Village & Residential Security",
      "population": 30912,
      "keyIndustries": ["Retail", "Healthcare", "Education", "Professional Services"]
    },
    {
      "name": "Fillmore",
      "slug": "fillmore",
      "county": "Ventura",
      "latitude": 34.3992,
      "longitude": -118.9181,
      "postalCode": "93015",
      "specialty": "Citrus & Railroad Heritage Security",
      "population": 15602,
      "keyIndustries": ["Agriculture", "Tourism", "Retail", "Manufacturing"]
    },
    {
      "name": "Folsom",
      "slug": "folsom",
      "county": "Sacramento",
      "latitude": 38.6780,
      "longitude": -121.1761,
      "postalCode": "95630",
      "specialty": "Tech Campus & Dam Security",
      "population": 82203,
      "keyIndustries": ["Technology", "Government", "Healthcare", "Retail"]
    },
    {
      "name": "Fontana",
      "slug": "fontana",
      "county": "San Bernardino",
      "latitude": 34.0922,
      "longitude": -117.4350,
      "postalCode": "92335",
      "specialty": "Speedway & Logistics Security",
      "population": 214547,
      "keyIndustries": ["Logistics", "Manufacturing", "Healthcare", "Entertainment"]
    },
    {
      "name": "Fountain Valley",
      "slug": "fountain-valley",
      "county": "Orange",
      "latitude": 33.7092,
      "longitude": -117.9536,
      "postalCode": "92708",
      "specialty": "Commercial & Recreation Security",
      "population": 56047,
      "keyIndustries": ["Healthcare", "Retail", "Manufacturing", "Technology"]
    },
    {
      "name": "Fremont",
      "slug": "fremont",
      "county": "Alameda",
      "latitude": 37.5485,
      "longitude": -121.9886,
      "postalCode": "94536",
      "specialty": "Tesla & Tech Manufacturing Security",
      "population": 230504,
      "keyIndustries": ["Manufacturing", "Technology", "Healthcare", "Biotechnology"]
    },
    {
      "name": "Fresno",
      "slug": "fresno",
      "county": "Fresno",
      "latitude": 36.7378,
      "longitude": -119.7871,
      "postalCode": "93721",
      "specialty": "Agricultural Hub & Convention Security",
      "population": 542107,
      "keyIndustries": ["Agriculture", "Healthcare", "Education", "Food Processing"]
    },
    {
      "name": "Fullerton",
      "slug": "fullerton",
      "county": "Orange",
      "latitude": 33.8703,
      "longitude": -117.9253,
      "postalCode": "92832",
      "specialty": "University & Downtown Security",
      "population": 139640,
      "keyIndustries": ["Education", "Healthcare", "Manufacturing", "Retail"]
    },
    {
      "name": "Garden Grove",
      "slug": "garden-grove",
      "county": "Orange",
      "latitude": 33.7739,
      "longitude": -117.9414,
      "postalCode": "92840",
      "specialty": "Little Saigon & Event Security",
      "population": 172646,
      "keyIndustries": ["Retail", "Healthcare", "Manufacturing", "Food Services"]
    },
    {
      "name": "Gardena",
      "slug": "gardena",
      "county": "Los Angeles",
      "latitude": 33.8883,
      "longitude": -118.3090,
      "postalCode": "90247",
      "specialty": "Casino & Industrial Security",
      "population": 61027,
      "keyIndustries": ["Gaming", "Manufacturing", "Retail", "Healthcare"]
    },
    {
      "name": "Gilroy",
      "slug": "gilroy",
      "county": "Santa Clara",
      "latitude": 37.0058,
      "longitude": -121.5683,
      "postalCode": "95020",
      "specialty": "Outlet Mall & Festival Security",
      "population": 59520,
      "keyIndustries": ["Retail", "Agriculture", "Food Processing", "Tourism"]
    },
    {
      "name": "Glendale",
      "slug": "glendale",
      "county": "Los Angeles",
      "latitude": 34.1425,
      "longitude": -118.2551,
      "postalCode": "91203",
      "specialty": "Galleria & Entertainment Security",
      "population": 196543,
      "keyIndustries": ["Entertainment", "Healthcare", "Finance", "Retail"]
    },
    {
      "name": "Hanford",
      "slug": "hanford",
      "county": "Kings",
      "latitude": 36.3275,
      "longitude": -119.6457,
      "postalCode": "93230",
      "specialty": "Agricultural & Government Security",
      "population": 60240,
      "keyIndustries": ["Agriculture", "Government", "Healthcare", "Dairy"]
    },
    {
      "name": "Hawthorne",
      "slug": "hawthorne",
      "county": "Los Angeles",
      "latitude": 33.9164,
      "longitude": -118.3526,
      "postalCode": "90250",
      "specialty": "Aerospace & SpaceX Security",
      "population": 88083,
      "keyIndustries": ["Aerospace", "Technology", "Manufacturing", "Retail"]
    },
    {
      "name": "Hayward",
      "slug": "hayward",
      "county": "Alameda",
      "latitude": 37.6688,
      "longitude": -122.0808,
      "postalCode": "94541",
      "specialty": "Industrial & University Security",
      "population": 162954,
      "keyIndustries": ["Manufacturing", "Education", "Healthcare", "Technology"]
    },
    {
      "name": "Hemet",
      "slug": "hemet",
      "county": "Riverside",
      "latitude": 33.7475,
      "longitude": -116.9719,
      "postalCode": "92543",
      "specialty": "Senior Community & Healthcare Security",
      "population": 89833,
      "keyIndustries": ["Healthcare", "Retail", "Agriculture", "Senior Living"]
    },
    {
      "name": "Hermosa Beach",
      "slug": "hermosa-beach",
      "county": "Los Angeles",
      "latitude": 33.8622,
      "longitude": -118.3995,
      "postalCode": "90254",
      "specialty": "Beach & Nightlife Security",
      "population": 19506,
      "keyIndustries": ["Tourism", "Hospitality", "Retail", "Entertainment"]
    },
    {
      "name": "Hesperia",
      "slug": "hesperia",
      "county": "San Bernardino",
      "latitude": 34.4264,
      "longitude": -117.3009,
      "postalCode": "92345",
      "specialty": "High Desert Commercial Security",
      "population": 99818,
      "keyIndustries": ["Retail", "Healthcare", "Construction", "Logistics"]
    },
    {
      "name": "Highland",
      "slug": "highland",
      "county": "San Bernardino",
      "latitude": 34.1283,
      "longitude": -117.2086,
      "postalCode": "92346",
      "specialty": "Casino & Residential Security",
      "population": 55417,
      "keyIndustries": ["Gaming", "Healthcare", "Retail", "Education"]
    },
    {
      "name": "Hollywood",
      "slug": "hollywood",
      "county": "Los Angeles",
      "latitude": 34.0928,
      "longitude": -118.3287,
      "postalCode": "90028",
      "specialty": "Entertainment & Celebrity Security",
      "population": 85000,
      "keyIndustries": ["Entertainment", "Tourism", "Media", "Hospitality"]
    },
    {
      "name": "Huntington Beach",
      "slug": "huntington-beach",
      "county": "Orange",
      "latitude": 33.6595,
      "longitude": -117.9988,
      "postalCode": "92648",
      "specialty": "Surf City & Event Security",
      "population": 198711,
      "keyIndustries": ["Tourism", "Oil & Gas", "Healthcare", "Retail"]
    },
    {
      "name": "Huntington Park",
      "slug": "huntington-park",
      "county": "Los Angeles",
      "latitude": 33.9817,
      "longitude": -118.2251,
      "postalCode": "90255",
      "specialty": "Commercial District Security",
      "population": 58114,
      "keyIndustries": ["Retail", "Manufacturing", "Healthcare", "Food Services"]
    },
    {
      "name": "Imperial Beach",
      "slug": "imperial-beach",
      "county": "San Diego",
      "latitude": 32.5840,
      "longitude": -117.1131,
      "postalCode": "91932",
      "specialty": "Border & Coastal Security",
      "population": 27384,
      "keyIndustries": ["Military", "Tourism", "Retail", "Government"]
    },
    {
      "name": "Indio",
      "slug": "indio",
      "county": "Riverside",
      "latitude": 33.7206,
      "longitude": -116.2156,
      "postalCode": "92201",
      "specialty": "Festival & Date Farm Security",
      "population": 92539,
      "keyIndustries": ["Entertainment", "Agriculture", "Tourism", "Healthcare"]
    },
    {
      "name": "Inglewood",
      "slug": "inglewood",
      "county": "Los Angeles",
      "latitude": 33.9617,
      "longitude": -118.3531,
      "postalCode": "90301",
      "specialty": "Stadium & Entertainment District Security",
      "population": 107762,
      "keyIndustries": ["Entertainment", "Sports", "Retail", "Healthcare"]
    },
    {
      "name": "Irvine",
      "slug": "irvine",
      "county": "Orange",
      "latitude": 33.6846,
      "longitude": -117.8265,
      "postalCode": "92618",
      "specialty": "Corporate Campus & University Security",
      "population": 307670,
      "keyIndustries": ["Technology", "Education", "Healthcare", "Professional Services"]
    },
    {
      "name": "Isleton",
      "slug": "isleton",
      "county": "Sacramento",
      "latitude": 38.1605,
      "longitude": -121.6110,
      "postalCode": "95641",
      "specialty": "Delta Community Security",
      "population": 804,
      "keyIndustries": ["Agriculture", "Tourism", "Fishing", "Retail"]
    },
    {
      "name": "La Habra",
      "slug": "la-habra",
      "county": "Orange",
      "latitude": 33.9319,
      "longitude": -117.9462,
      "postalCode": "90631",
      "specialty": "Citrus Heritage & Commercial Security",
      "population": 62850,
      "keyIndustries": ["Retail", "Healthcare", "Manufacturing", "Education"]
    },
    {
      "name": "La Mesa",
      "slug": "la-mesa",
      "county": "San Diego",
      "latitude": 32.7678,
      "longitude": -117.0231,
      "postalCode": "91941",
      "specialty": "Village & Trolley District Security",
      "population": 61147,
      "keyIndustries": ["Retail", "Healthcare", "Hospitality", "Professional Services"]
    },
    {
      "name": "La Mirada",
      "slug": "la-mirada",
      "county": "Los Angeles",
      "latitude": 33.9172,
      "longitude": -118.0120,
      "postalCode": "90638",
      "specialty": "Theater & Residential Security",
      "population": 48008,
      "keyIndustries": ["Entertainment", "Education", "Retail", "Healthcare"]
    },
    {
      "name": "La Quinta",
      "slug": "la-quinta",
      "county": "Riverside",
      "latitude": 33.6634,
      "longitude": -116.3100,
      "postalCode": "92253",
      "specialty": "Golf Resort & Luxury Security",
      "population": 41748,
      "keyIndustries": ["Tourism", "Golf", "Hospitality", "Real Estate"]
    },
    {
      "name": "Laguna Beach",
      "slug": "laguna-beach",
      "county": "Orange",
      "latitude": 33.5427,
      "longitude": -117.7853,
      "postalCode": "92651",
      "specialty": "Art Colony & Coastal Security",
      "population": 23032,
      "keyIndustries": ["Tourism", "Art", "Hospitality", "Real Estate"]
    },
    {
      "name": "Laguna Hills",
      "slug": "laguna-hills",
      "county": "Orange",
      "latitude": 33.5992,
      "longitude": -117.6911,
      "postalCode": "92653",
      "specialty": "Mall & Community Security",
      "population": 31572,
      "keyIndustries": ["Retail", "Healthcare", "Professional Services", "Education"]
    },
    {
      "name": "Laguna Niguel",
      "slug": "laguna-niguel",
      "county": "Orange",
      "latitude": 33.5225,
      "longitude": -117.7070,
      "postalCode": "92677",
      "specialty": "Upscale Residential Security",
      "population": 65316,
      "keyIndustries": ["Real Estate", "Healthcare", "Professional Services", "Retail"]
    },
    {
      "name": "Lake Forest",
      "slug": "lake-forest",
      "county": "Orange",
      "latitude": 33.6469,
      "longitude": -117.6860,
      "postalCode": "92630",
      "specialty": "Business Park & Sports Complex Security",
      "population": 85858,
      "keyIndustries": ["Technology", "Healthcare", "Manufacturing", "Retail"]
    },
    {
      "name": "Lancaster",
      "slug": "lancaster",
      "county": "Los Angeles",
      "latitude": 34.6868,
      "longitude": -118.1542,
      "postalCode": "93534",
      "specialty": "Aerospace Valley Security",
      "population": 173516,
      "keyIndustries": ["Aerospace", "Solar Energy", "Healthcare", "Retail"]
    },
    {
      "name": "Land Park",
      "slug": "land-park",
      "county": "Sacramento",
      "latitude": 38.5382,
      "longitude": -121.5053,
      "postalCode": "95818",
      "specialty": "Zoo & Historic Neighborhood Security",
      "population": 30000,
      "keyIndustries": ["Tourism", "Healthcare", "Education", "Professional Services"]
    },
    {
      "name": "Lemon Grove",
      "slug": "lemon-grove",
      "county": "San Diego",
      "latitude": 32.7426,
      "longitude": -117.0314,
      "postalCode": "91945",
      "specialty": "Trolley & Community Security",
      "population": 27903,
      "keyIndustries": ["Retail", "Healthcare", "Education", "Transportation"]
    },
    {
      "name": "Lemoore",
      "slug": "lemoore",
      "county": "Kings",
      "latitude": 36.3008,
      "longitude": -119.7826,
      "postalCode": "93245",
      "specialty": "Naval Air Station Security",
      "population": 27692,
      "keyIndustries": ["Military", "Agriculture", "Healthcare", "Retail"]
    },
    {
      "name": "Long Beach",
      "slug": "long-beach",
      "county": "Los Angeles",
      "latitude": 33.7701,
      "longitude": -118.1937,
      "postalCode": "90802",
      "specialty": "Port & Marina Security",
      "population": 466742,
      "keyIndustries": ["Shipping", "Logistics", "Tourism", "Healthcare"]
    },
    {
      "name": "Los Angeles",
      "slug": "los-angeles",
      "county": "Los Angeles",
      "latitude": 34.0522,
      "longitude": -118.2437,
      "postalCode": "90001",
      "specialty": "Entertainment & Metropolitan Security",
      "population": 3898747,
      "keyIndustries": ["Entertainment", "Technology", "Fashion", "International Trade"]
    },
    {
      "name": "Los Gatos",
      "slug": "los-gatos",
      "county": "Santa Clara",
      "latitude": 37.2358,
      "longitude": -121.9624,
      "postalCode": "95030",
      "specialty": "Tech Executive & Estate Security",
      "population": 33529,
      "keyIndustries": ["Technology", "Retail", "Hospitality", "Professional Services"]
    },
    {
      "name": "Madera",
      "slug": "madera",
      "county": "Madera",
      "latitude": 36.9613,
      "longitude": -120.0607,
      "postalCode": "93637",
      "specialty": "Agricultural & Casino Security",
      "population": 66265,
      "keyIndustries": ["Agriculture", "Gaming", "Healthcare", "Food Processing"]
    },
    {
      "name": "Malibu",
      "slug": "malibu",
      "county": "Los Angeles",
      "latitude": 34.0259,
      "longitude": -118.7798,
      "postalCode": "90265",
      "specialty": "Celebrity Estate & Coastal Security",
      "population": 10654,
      "keyIndustries": ["Entertainment", "Real Estate", "Tourism", "Hospitality"]
    },
    {
      "name": "Manhattan Beach",
      "slug": "manhattan-beach",
      "county": "Los Angeles",
      "latitude": 33.8847,
      "longitude": -118.4109,
      "postalCode": "90266",
      "specialty": "Beach City & Executive Security",
      "population": 35135,
      "keyIndustries": ["Professional Services", "Real Estate", "Hospitality", "Retail"]
    },
    {
      "name": "Merced",
      "slug": "merced",
      "county": "Merced",
      "latitude": 37.3022,
      "longitude": -120.4830,
      "postalCode": "95340",
      "specialty": "UC Merced & Agricultural Security",
      "population": 86333,
      "keyIndustries": ["Education", "Agriculture", "Healthcare", "Retail"]
    },
    {
      "name": "Midtown",
      "slug": "midtown",
      "county": "Sacramento",
      "latitude": 38.5724,
      "longitude": -121.4780,
      "postalCode": "95816",
      "specialty": "Urban Entertainment District Security",
      "population": 25000,
      "keyIndustries": ["Hospitality", "Retail", "Entertainment", "Professional Services"]
    },
    {
      "name": "Milpitas",
      "slug": "milpitas",
      "county": "Santa Clara",
      "latitude": 37.4323,
      "longitude": -121.8996,
      "postalCode": "95035",
      "specialty": "Tech Manufacturing & Data Center Security",
      "population": 80273,
      "keyIndustries": ["Technology", "Manufacturing", "Retail", "Logistics"]
    },
    {
      "name": "Mission Viejo",
      "slug": "mission-viejo",
      "county": "Orange",
      "latitude": 33.6000,
      "longitude": -117.6720,
      "postalCode": "92691",
      "specialty": "Master-Planned Community Security",
      "population": 95290,
      "keyIndustries": ["Healthcare", "Retail", "Education", "Professional Services"]
    },
    {
      "name": "Modesto",
      "slug": "modesto",
      "county": "Stanislaus",
      "latitude": 37.6391,
      "longitude": -120.9969,
      "postalCode": "95350",
      "specialty": "Agricultural & Food Processing Security",
      "population": 218464,
      "keyIndustries": ["Agriculture", "Food Processing", "Healthcare", "Manufacturing"]
    },
    {
      "name": "Montclair",
      "slug": "montclair",
      "county": "San Bernardino",
      "latitude": 34.0775,
      "longitude": -117.6897,
      "postalCode": "91763",
      "specialty": "Plaza & Transit Security",
      "population": 40041,
      "keyIndustries": ["Retail", "Manufacturing", "Healthcare", "Transportation"]
    },
    {
      "name": "Moorpark",
      "slug": "moorpark",
      "county": "Ventura",
      "latitude": 34.2856,
      "longitude": -118.8820,
      "postalCode": "93021",
      "specialty": "Zoo & Agricultural Security",
      "population": 36443,
      "keyIndustries": ["Agriculture", "Education", "Tourism", "Retail"]
    },
    {
      "name": "Moreno Valley",
      "slug": "moreno-valley",
      "county": "Riverside",
      "latitude": 33.9425,
      "longitude": -117.2297,
      "postalCode": "92553",
      "specialty": "Logistics Hub & Warehouse Security",
      "population": 212569,
      "keyIndustries": ["Logistics", "Retail", "Healthcare", "Education"]
    },
    {
      "name": "Morgan Hill",
      "slug": "morgan-hill",
      "county": "Santa Clara",
      "latitude": 37.1305,
      "longitude": -121.6544,
      "postalCode": "95037",
      "specialty": "Wine Country & Tech Security",
      "population": 45483,
      "keyIndustries": ["Agriculture", "Technology", "Retail", "Healthcare"]
    },
    {
      "name": "Mountain View",
      "slug": "mountain-view",
      "county": "Santa Clara",
      "latitude": 37.3861,
      "longitude": -122.0839,
      "postalCode": "94040",
      "specialty": "Google & Tech Campus Security",
      "population": 82376,
      "keyIndustries": ["Technology", "Aerospace", "Research", "Healthcare"]
    },
    {
      "name": "Murrieta",
      "slug": "murrieta",
      "county": "Riverside",
      "latitude": 33.5539,
      "longitude": -117.2139,
      "postalCode": "92562",
      "specialty": "Family Community Security",
      "population": 113326,
      "keyIndustries": ["Healthcare", "Retail", "Education", "Professional Services"]
    },
    {
      "name": "National City",
      "slug": "national-city",
      "county": "San Diego",
      "latitude": 32.6781,
      "longitude": -117.0992,
      "postalCode": "91950",
      "specialty": "Naval & Port Security",
      "population": 61394,
      "keyIndustries": ["Military", "Automotive", "Shipping", "Retail"]
    },
    {
      "name": "Natomas",
      "slug": "natomas",
      "county": "Sacramento",
      "latitude": 38.6185,
      "longitude": -121.5152,
      "postalCode": "95833",
      "specialty": "Arena District & Commercial Security",
      "population": 80000,
      "keyIndustries": ["Sports", "Entertainment", "Retail", "Healthcare"]
    },
    {
      "name": "Newark",
      "slug": "newark",
      "county": "Alameda",
      "latitude": 37.5197,
      "longitude": -122.0402,
      "postalCode": "94560",
      "specialty": "Industrial & Tech Park Security",
      "population": 48148,
      "keyIndustries": ["Technology", "Manufacturing", "Biotechnology", "Retail"]
    },
    {
      "name": "Newport Beach",
      "slug": "newport-beach",
      "county": "Orange",
      "latitude": 33.6189,
      "longitude": -117.9289,
      "postalCode": "92660",
      "specialty": "Harbor & Luxury Retail Security",
      "population": 85239,
      "keyIndustries": ["Finance", "Real Estate", "Tourism", "Healthcare"]
    },
    {
      "name": "Norwalk",
      "slug": "norwalk",
      "county": "Los Angeles",
      "latitude": 33.9022,
      "longitude": -118.0818,
      "postalCode": "90650",
      "specialty": "County Services & Commercial Security",
      "population": 105549,
      "keyIndustries": ["Government", "Healthcare", "Retail", "Manufacturing"]
    },
    {
      "name": "Oakland",
      "slug": "oakland",
      "county": "Alameda",
      "latitude": 37.8044,
      "longitude": -122.2712,
      "postalCode": "94607",
      "specialty": "Port & Urban Security",
      "population": 433031,
      "keyIndustries": ["Shipping", "Technology", "Healthcare", "Food & Beverage"]
    },
    {
      "name": "Oceanside",
      "slug": "oceanside",
      "county": "San Diego",
      "latitude": 33.1959,
      "longitude": -117.3795,
      "postalCode": "92054",
      "specialty": "Marine Base & Beach Security",
      "population": 176193,
      "keyIndustries": ["Military", "Tourism", "Healthcare", "Manufacturing"]
    },
    {
      "name": "Ojai",
      "slug": "ojai",
      "county": "Ventura",
      "latitude": 34.4480,
      "longitude": -119.2429,
      "postalCode": "93023",
      "specialty": "Spa Resort & Arts Security",
      "population": 7613,
      "keyIndustries": ["Tourism", "Agriculture", "Arts", "Hospitality"]
    },
    {
      "name": "Ontario",
      "slug": "ontario",
      "county": "San Bernardino",
      "latitude": 34.0633,
      "longitude": -117.6509,
      "postalCode": "91761",
      "specialty": "Airport & Convention Security",
      "population": 175265,
      "keyIndustries": ["Logistics", "Aviation", "Manufacturing", "Retail"]
    },
    {
      "name": "Orange",
      "slug": "orange",
      "county": "Orange",
      "latitude": 33.7879,
      "longitude": -117.8531,
      "postalCode": "92866",
      "specialty": "Historic Old Towne & Healthcare Security",
      "population": 139911,
      "keyIndustries": ["Healthcare", "Retail", "Education", "Insurance"]
    },
    {
      "name": "Orange County",
      "slug": "orange-county",
      "county": "Orange",
      "latitude": 33.7175,
      "longitude": -117.8311,
      "postalCode": "92868",
      "specialty": "County-Wide Security Services",
      "population": 3186989,
      "keyIndustries": ["Technology", "Tourism", "Healthcare", "Finance"]
    },
    {
      "name": "Oxnard",
      "slug": "oxnard",
      "county": "Ventura",
      "latitude": 34.1975,
      "longitude": -119.1771,
      "postalCode": "93030",
      "specialty": "Port & Agricultural Security",
      "population": 202063,
      "keyIndustries": ["Agriculture", "Manufacturing", "Port Operations", "Healthcare"]
    },
    {
      "name": "Palm Springs",
      "slug": "palm-springs",
      "county": "Riverside",
      "latitude": 33.8303,
      "longitude": -116.5453,
      "postalCode": "92262",
      "specialty": "Desert Resort & Golf Security",
      "population": 48518,
      "keyIndustries": ["Tourism", "Hospitality", "Golf", "Events"]
    },
    {
      "name": "Palmdale",
      "slug": "palmdale",
      "county": "Los Angeles",
      "latitude": 34.5794,
      "longitude": -118.1165,
      "postalCode": "93550",
      "specialty": "Aerospace & Desert Security",
      "population": 169450,
      "keyIndustries": ["Aerospace", "Retail", "Healthcare", "Solar Energy"]
    },
    {
      "name": "Palo Alto",
      "slug": "palo-alto",
      "county": "Santa Clara",
      "latitude": 37.4419,
      "longitude": -122.1430,
      "postalCode": "94301",
      "specialty": "Stanford & Venture Capital Security",
      "population": 68572,
      "keyIndustries": ["Technology", "Education", "Research", "Venture Capital"]
    },
    {
      "name": "Pasadena",
      "slug": "pasadena",
      "county": "Los Angeles",
      "latitude": 34.1478,
      "longitude": -118.1445,
      "postalCode": "91101",
      "specialty": "Rose Parade & JPL Security",
      "population": 138699,
      "keyIndustries": ["Technology", "Healthcare", "Education", "Tourism"]
    },
    {
      "name": "Perris",
      "slug": "perris",
      "county": "Riverside",
      "latitude": 33.7825,
      "longitude": -117.2286,
      "postalCode": "92570",
      "specialty": "Warehouse & Skydiving Security",
      "population": 78972,
      "keyIndustries": ["Logistics", "Recreation", "Manufacturing", "Retail"]
    },
    {
      "name": "Placentia",
      "slug": "placentia",
      "county": "Orange",
      "latitude": 33.8722,
      "longitude": -117.8709,
      "postalCode": "92870",
      "specialty": "Residential & Commercial Security",
      "population": 52206,
      "keyIndustries": ["Manufacturing", "Healthcare", "Retail", "Education"]
    },
    {
      "name": "Pleasanton",
      "slug": "pleasanton",
      "county": "Alameda",
      "latitude": 37.6624,
      "longitude": -121.8747,
      "postalCode": "94566",
      "specialty": "Corporate Campus & Fair Security",
      "population": 79871,
      "keyIndustries": ["Technology", "Healthcare", "Agriculture", "Events"]
    },
    {
      "name": "Pocket",
      "slug": "pocket",
      "county": "Sacramento",
      "latitude": 38.4912,
      "longitude": -121.5205,
      "postalCode": "95831",
      "specialty": "Residential Community Security",
      "population": 35000,
      "keyIndustries": ["Retail", "Healthcare", "Education", "Professional Services"]
    },
    {
      "name": "Pomona",
      "slug": "pomona",
      "county": "Los Angeles",
      "latitude": 34.0551,
      "longitude": -117.7500,
      "postalCode": "91766",
      "specialty": "Fairplex & University Security",
      "population": 151348,
      "keyIndustries": ["Events", "Education", "Healthcare", "Manufacturing"]
    },
    {
      "name": "Port Hueneme",
      "slug": "port-hueneme",
      "county": "Ventura",
      "latitude": 34.1478,
      "longitude": -119.1951,
      "postalCode": "93041",
      "specialty": "Naval Base & Port Security",
      "population": 22309,
      "keyIndustries": ["Military", "Port Operations", "Manufacturing", "Retail"]
    },
    {
      "name": "Porterville",
      "slug": "porterville",
      "county": "Tulare",
      "latitude": 36.0653,
      "longitude": -119.0168,
      "postalCode": "93257",
      "specialty": "Agricultural & Community Security",
      "population": 62500,
      "keyIndustries": ["Agriculture", "Healthcare", "Education", "Retail"]
    },
    {
      "name": "Poway",
      "slug": "poway",
      "county": "San Diego",
      "latitude": 32.9628,
      "longitude": -117.0359,
      "postalCode": "92064",
      "specialty": "Tech Park & Equestrian Security",
      "population": 50094,
      "keyIndustries": ["Technology", "Healthcare", "Equestrian", "Retail"]
    },
    {
      "name": "Rancho Cordova",
      "slug": "rancho-cordova",
      "county": "Sacramento",
      "latitude": 38.5891,
      "longitude": -121.3026,
      "postalCode": "95670",
      "specialty": "Business Park & Tech Security",
      "population": 79332,
      "keyIndustries": ["Technology", "Government", "Healthcare", "Logistics"]
    },
    {
      "name": "Rancho Cucamonga",
      "slug": "rancho-cucamonga",
      "county": "San Bernardino",
      "latitude": 34.1064,
      "longitude": -117.5931,
      "postalCode": "91730",
      "specialty": "Wine Country & Corporate Security",
      "population": 177603,
      "keyIndustries": ["Logistics", "Healthcare", "Retail", "Wine Production"]
    },
    {
      "name": "Redlands",
      "slug": "redlands",
      "county": "San Bernardino",
      "latitude": 34.0555,
      "longitude": -117.1826,
      "postalCode": "92373",
      "specialty": "Historic & University Security",
      "population": 73168,
      "keyIndustries": ["Technology", "Education", "Healthcare", "Citrus"]
    },
    {
      "name": "Redondo Beach",
      "slug": "redondo-beach",
      "county": "Los Angeles",
      "latitude": 33.8492,
      "longitude": -118.3884,
      "postalCode": "90277",
      "specialty": "Pier & Harbor Security",
      "population": 66749,
      "keyIndustries": ["Tourism", "Technology", "Healthcare", "Hospitality"]
    },
    {
      "name": "Rialto",
      "slug": "rialto",
      "county": "San Bernardino",
      "latitude": 34.1064,
      "longitude": -117.3703,
      "postalCode": "92376",
      "specialty": "Logistics & Renaissance Faire Security",
      "population": 104026,
      "keyIndustries": ["Logistics", "Entertainment", "Manufacturing", "Retail"]
    },
    {
      "name": "Riverside",
      "slug": "riverside",
      "county": "Riverside",
      "latitude": 33.9533,
      "longitude": -117.3962,
      "postalCode": "92501",
      "specialty": "University & Historic Mission Security",
      "population": 314998,
      "keyIndustries": ["Education", "Healthcare", "Government", "Agriculture"]
    },
    {
      "name": "Riverside County",
      "slug": "riverside-county",
      "county": "Riverside",
      "latitude": 33.9533,
      "longitude": -117.3962,
      "postalCode": "92501",
      "specialty": "County-Wide Security Services",
      "population": 2470546,
      "keyIndustries": ["Agriculture", "Healthcare", "Tourism", "Logistics"]
    },
    {
      "name": "Roseville",
      "slug": "roseville",
      "county": "Placer",
      "latitude": 38.7521,
      "longitude": -121.2880,
      "postalCode": "95661",
      "specialty": "Retail Hub & Railroad Security",
      "population": 147773,
      "keyIndustries": ["Retail", "Healthcare", "Technology", "Transportation"]
    },
    {
      "name": "Sacramento",
      "slug": "sacramento",
      "county": "Sacramento",
      "latitude": 38.5816,
      "longitude": -121.4944,
      "postalCode": "95814",
      "specialty": "State Capitol & Government Security",
      "population": 524943,
      "keyIndustries": ["Government", "Healthcare", "Technology", "Agriculture"]
    },
    {
      "name": "San Bernardino",
      "slug": "san-bernardino",
      "county": "San Bernardino",
      "latitude": 34.1083,
      "longitude": -117.2898,
      "postalCode": "92401",
      "specialty": "Route 66 & County Seat Security",
      "population": 222101,
      "keyIndustries": ["Government", "Healthcare", "Logistics", "Education"]
    },
    {
      "name": "San Clemente",
      "slug": "san-clemente",
      "county": "Orange",
      "latitude": 33.4269,
      "longitude": -117.6126,
      "postalCode": "92672",
      "specialty": "Spanish Village & Beach Security",
      "population": 64581,
      "keyIndustries": ["Tourism", "Surfing", "Real Estate", "Retail"]
    },
    {
      "name": "San Diego",
      "slug": "san-diego",
      "county": "San Diego",
      "latitude": 32.7157,
      "longitude": -117.1611,
      "postalCode": "92101",
      "specialty": "Naval & Biotech Security",
      "population": 1386932,
      "keyIndustries": ["Military", "Biotechnology", "Tourism", "Healthcare"]
    },
    {
      "name": "San Fernando",
      "slug": "san-fernando",
      "county": "Los Angeles",
      "latitude": 34.2819,
      "longitude": -118.4390,
      "postalCode": "91340",
      "specialty": "Valley Industrial Security",
      "population": 24916,
      "keyIndustries": ["Manufacturing", "Agriculture", "Retail", "Healthcare"]
    },
    {
      "name": "San Francisco",
      "slug": "san-francisco",
      "county": "San Francisco",
      "latitude": 37.7749,
      "longitude": -122.4194,
      "postalCode": "94102",
      "specialty": "Financial District & Tech Security",
      "population": 873965,
      "keyIndustries": ["Technology", "Finance", "Tourism", "Healthcare"]
    },
    {
      "name": "San Jose",
      "slug": "san-jose",
      "county": "Santa Clara",
      "latitude": 37.3382,
      "longitude": -121.8863,
      "postalCode": "95113",
      "specialty": "Tech Company & Convention Security",
      "population": 1013240,
      "keyIndustries": ["Technology", "Healthcare", "Manufacturing", "Education"]
    },
    {
      "name": "San Leandro",
      "slug": "san-leandro",
      "county": "Alameda",
      "latitude": 37.7249,
      "longitude": -122.1561,
      "postalCode": "94577",
      "specialty": "Industrial & Tech Hub Security",
      "population": 91017,
      "keyIndustries": ["Manufacturing", "Technology", "Healthcare", "Food Processing"]
    },
    {
      "name": "San Lorenzo",
      "slug": "san-lorenzo",
      "county": "Alameda",
      "latitude": 37.6810,
      "longitude": -122.1244,
      "postalCode": "94580",
      "specialty": "Suburban Community Security",
      "population": 30567,
      "keyIndustries": ["Retail", "Healthcare", "Manufacturing", "Education"]
    },
    {
      "name": "San Marcos",
      "slug": "san-marcos",
      "county": "San Diego",
      "latitude": 33.1434,
      "longitude": -117.1661,
      "postalCode": "92069",
      "specialty": "University & Restaurant Row Security",
      "population": 97919,
      "keyIndustries": ["Education", "Healthcare", "Technology", "Retail"]
    },
    {
      "name": "Santa Ana",
      "slug": "santa-ana",
      "county": "Orange",
      "latitude": 33.7455,
      "longitude": -117.8677,
      "postalCode": "92701",
      "specialty": "County Seat & Downtown Security",
      "population": 310227,
      "keyIndustries": ["Government", "Finance", "Manufacturing", "Retail"]
    },
    {
      "name": "Santa Clara",
      "slug": "santa-clara",
      "county": "Santa Clara",
      "latitude": 37.3541,
      "longitude": -121.9552,
      "postalCode": "95050",
      "specialty": "Stadium & Theme Park Security",
      "population": 127647,
      "keyIndustries": ["Technology", "Entertainment", "Healthcare", "Manufacturing"]
    },
    {
      "name": "Santa Monica",
      "slug": "santa-monica",
      "county": "Los Angeles",
      "latitude": 34.0195,
      "longitude": -118.4912,
      "postalCode": "90401",
      "specialty": "Beach & Pier Security",
      "population": 93076,
      "keyIndustries": ["Technology", "Entertainment", "Tourism", "Healthcare"]
    },
    {
      "name": "Santa Paula",
      "slug": "santa-paula",
      "county": "Ventura",
      "latitude": 34.3542,
      "longitude": -119.0590,
      "postalCode": "93060",
      "specialty": "Citrus & Aviation Heritage Security",
      "population": 30599,
      "keyIndustries": ["Agriculture", "Oil & Gas", "Manufacturing", "Tourism"]
    },
    {
      "name": "Santee",
      "slug": "santee",
      "county": "San Diego",
      "latitude": 32.8384,
      "longitude": -116.9739,
      "postalCode": "92071",
      "specialty": "Recreational & Family Community Security",
      "population": 60037,
      "keyIndustries": ["Retail", "Recreation", "Healthcare", "Manufacturing"]
    },
    {
      "name": "Simi Valley",
      "slug": "simi-valley",
      "county": "Ventura",
      "latitude": 34.2694,
      "longitude": -118.7815,
      "postalCode": "93065",
      "specialty": "Reagan Library & Suburban Security",
      "population": 126356,
      "keyIndustries": ["Healthcare", "Retail", "Technology", "Tourism"]
    },
    {
      "name": "Solana Beach",
      "slug": "solana-beach",
      "county": "San Diego",
      "latitude": 32.9912,
      "longitude": -117.2712,
      "postalCode": "92075",
      "specialty": "Cedros District & Beach Security",
      "population": 13296,
      "keyIndustries": ["Retail", "Tourism", "Arts", "Real Estate"]
    },
    {
      "name": "South Gate",
      "slug": "south-gate",
      "county": "Los Angeles",
      "latitude": 33.9547,
      "longitude": -118.2120,
      "postalCode": "90280",
      "specialty": "Industrial & Commercial Security",
      "population": 94396,
      "keyIndustries": ["Manufacturing", "Retail", "Healthcare", "Logistics"]
    },
    {
      "name": "Stockton",
      "slug": "stockton",
      "county": "San Joaquin",
      "latitude": 37.9577,
      "longitude": -121.2908,
      "postalCode": "95202",
      "specialty": "Port & Agricultural Hub Security",
      "population": 320804,
      "keyIndustries": ["Agriculture", "Shipping", "Healthcare", "Logistics"]
    },
    {
      "name": "Sunnyvale",
      "slug": "sunnyvale",
      "county": "Santa Clara",
      "latitude": 37.3688,
      "longitude": -122.0363,
      "postalCode": "94086",
      "specialty": "Tech Campus & Defense Security",
      "population": 155805,
      "keyIndustries": ["Technology", "Aerospace", "Research", "Healthcare"]
    },
    {
      "name": "Temecula",
      "slug": "temecula",
      "county": "Riverside",
      "latitude": 33.4936,
      "longitude": -117.1484,
      "postalCode": "92590",
      "specialty": "Wine Country & Casino Security",
      "population": 110003,
      "keyIndustries": ["Wine Production", "Gaming", "Tourism", "Healthcare"]
    },
    {
      "name": "Thousand Oaks",
      "slug": "thousand-oaks",
      "county": "Ventura",
      "latitude": 34.1706,
      "longitude": -118.8376,
      "postalCode": "91360",
      "specialty": "Biotech & Corporate Campus Security",
      "population": 126966,
      "keyIndustries": ["Biotechnology", "Healthcare", "Technology", "Retail"]
    },
    {
      "name": "Torrance",
      "slug": "torrance",
      "county": "Los Angeles",
      "latitude": 33.8358,
      "longitude": -118.3406,
      "postalCode": "90501",
      "specialty": "Corporate Headquarters & Retail Security",
      "population": 143592,
      "keyIndustries": ["Automotive", "Aerospace", "Retail", "Healthcare"]
    },
    {
      "name": "Tulare",
      "slug": "tulare",
      "county": "Tulare",
      "latitude": 36.2077,
      "longitude": -119.3473,
      "postalCode": "93274",
      "specialty": "Agricultural & Outlet Mall Security",
      "population": 69560,
      "keyIndustries": ["Agriculture", "Dairy", "Retail", "Healthcare"]
    },
    {
      "name": "Tustin",
      "slug": "tustin",
      "county": "Orange",
      "latitude": 33.7458,
      "longitude": -117.8261,
      "postalCode": "92780",
      "specialty": "District & Legacy Security",
      "population": 80276,
      "keyIndustries": ["Retail", "Healthcare", "Technology", "Real Estate"]
    },
    {
      "name": "Twentynine Palms",
      "slug": "twentynine-palms",
      "county": "San Bernardino",
      "latitude": 34.1356,
      "longitude": -116.0542,
      "postalCode": "92277",
      "specialty": "Marine Base & Desert Security",
      "population": 28065,
      "keyIndustries": ["Military", "Tourism", "Retail", "Healthcare"]
    },
    {
      "name": "Union City",
      "slug": "union-city",
      "county": "Alameda",
      "latitude": 37.5934,
      "longitude": -122.0438,
      "postalCode": "94587",
      "specialty": "BART Transit & Industrial Security",
      "population": 72528,
      "keyIndustries": ["Manufacturing", "Technology", "Retail", "Healthcare"]
    },
    {
      "name": "Upland",
      "slug": "upland",
      "county": "San Bernardino",
      "latitude": 34.0975,
      "longitude": -117.6484,
      "postalCode": "91786",
      "specialty": "Downtown & Medical Center Security",
      "population": 79040,
      "keyIndustries": ["Healthcare", "Retail", "Education", "Manufacturing"]
    },
    {
      "name": "Van Nuys",
      "slug": "van-nuys",
      "county": "Los Angeles",
      "latitude": 34.1867,
      "longitude": -118.4490,
      "postalCode": "91401",
      "specialty": "Valley Government & Airport Security",
      "population": 136443,
      "keyIndustries": ["Government", "Aviation", "Entertainment", "Healthcare"]
    },
    {
      "name": "Ventura",
      "slug": "ventura",
      "county": "Ventura",
      "latitude": 34.2805,
      "longitude": -119.2945,
      "postalCode": "93001",
      "specialty": "Coastal & County Seat Security",
      "population": 109106,
      "keyIndustries": ["Tourism", "Agriculture", "Healthcare", "Government"]
    },
    {
      "name": "Victorville",
      "slug": "victorville",
      "county": "San Bernardino",
      "latitude": 34.5362,
      "longitude": -117.2928,
      "postalCode": "92392",
      "specialty": "High Desert Hub & Logistics Security",
      "population": 134810,
      "keyIndustries": ["Logistics", "Retail", "Healthcare", "Construction"]
    },
    {
      "name": "Visalia",
      "slug": "visalia",
      "county": "Tulare",
      "latitude": 36.3302,
      "longitude": -119.2921,
      "postalCode": "93291",
      "specialty": "Agricultural Capital Security",
      "population": 141384,
      "keyIndustries": ["Agriculture", "Healthcare", "Retail", "Education"]
    },
    {
      "name": "Vista",
      "slug": "vista",
      "county": "San Diego",
      "latitude": 33.2000,
      "longitude": -117.2425,
      "postalCode": "92083",
      "specialty": "Craft Brewery & Strawberry Festival Security",
      "population": 101638,
      "keyIndustries": ["Manufacturing", "Agriculture", "Healthcare", "Retail"]
    },
    {
      "name": "West Hollywood",
      "slug": "west-hollywood",
      "county": "Los Angeles",
      "latitude": 34.0900,
      "longitude": -118.3617,
      "postalCode": "90069",
      "specialty": "Sunset Strip & LGBTQ+ Community Security",
      "population": 35757,
      "keyIndustries": ["Entertainment", "Hospitality", "Retail", "Healthcare"]
    },
    {
      "name": "West Sacramento",
      "slug": "west-sacramento",
      "county": "Yolo",
      "latitude": 38.5805,
      "longitude": -121.5302,
      "postalCode": "95691",
      "specialty": "Port & Industrial Security",
      "population": 53915,
      "keyIndustries": ["Shipping", "Logistics", "Manufacturing", "Government"]
    },
    {
      "name": "Westminster",
      "slug": "westminster",
      "county": "Orange",
      "latitude": 33.7513,
      "longitude": -117.9939,
      "postalCode": "92683",
      "specialty": "Little Saigon & Community Security",
      "population": 91137,
      "keyIndustries": ["Retail", "Healthcare", "Manufacturing", "Food Services"]
    },
    {
      "name": "Whittier",
      "slug": "whittier",
      "county": "Los Angeles",
      "latitude": 33.9792,
      "longitude": -118.0328,
      "postalCode": "90601",
      "specialty": "Historic Uptown & Medical Security",
      "population": 87306,
      "keyIndustries": ["Healthcare", "Education", "Retail", "Professional Services"]
    },
    {
      "name": "Woodland",
      "slug": "woodland",
      "county": "Yolo",
      "latitude": 38.6785,
      "longitude": -121.7733,
      "postalCode": "95695",
      "specialty": "Agricultural & Historic Downtown Security",
      "population": 62553,
      "keyIndustries": ["Agriculture", "Food Processing", "Healthcare", "Retail"]
    },
    {
      "name": "Yorba Linda",
      "slug": "yorba-linda",
      "county": "Orange",
      "latitude": 33.8886,
      "longitude": -117.8131,
      "postalCode": "92886",
      "specialty": "Nixon Library & Equestrian Security",
      "population": 68336,
      "keyIndustries": ["Real Estate", "Professional Services", "Retail", "Education"]
    }
  ]
}
